{
  "doc_0": {
    "es_0": {
      "precision": 0.0,
      "recall": 0.0
    },
    "es_1": {
      "precision": 0.7173468159383652,
      "recall": 0.6753581316961593
    },
    "es_2": {
      "precision": 0.41555314794751413,
      "recall": 0.7723084948437058
    },
    "es_3": {
      "precision": 0.291561333814853,
      "recall": 0.80811163275952
    },
    "es_4": {
      "precision": 0.22568315878175033,
      "recall": 0.8306077203964528
    },
    "es_5": {
      "precision": 0.18389310220298544,
      "recall": 0.8434081698166205
    },
    "es_6": {
      "precision": 0.15567192327755985,
      "recall": 0.854306608884074
    },
    "es_7": {
      "precision": 0.13491203632047719,
      "recall": 0.8620109546165888
    },
    "es_8": {
      "precision": 0.11907126519802576,
      "recall": 0.8684312427270177
    },
    "es_9": {
      "precision": 0.10667041183471535,
      "recall": 0.8743900726295096
    }
  },
  "doc_1": {
    "es_0": {
      "precision": 0.49981942939689417,
      "recall": 0.4619838690261228
    },
    "es_1": {
      "precision": 0.6091248344769472,
      "recall": 0.8264997391757948
    },
    "es_2": {
      "precision": 0.38441475061194824,
      "recall": 0.8781971028449896
    },
    "es_3": {
      "precision": 0.28015529071866807,
      "recall": 0.8952509931383169
    },
    "es_4": {
      "precision": 0.22080775249790868,
      "recall": 0.9056087235664703
    },
    "es_5": {
      "precision": 0.18221981461419848,
      "recall": 0.912008948276554
    },
    "es_6": {
      "precision": 0.15545122587375623,
      "recall": 0.917731030054974
    },
    "es_7": {
      "precision": 0.13549029218042774,
      "recall": 0.9217637735243372
    },
    "es_8": {
      "precision": 0.12016137661676685,
      "recall": 0.9257363267926652
    },
    "es_9": {
      "precision": 0.10794644409667745,
      "recall": 0.9284448858392524
    }
  },
  "doc_2": {
    "es_0": {
      "precision": 0.3399542554472132,
      "recall": 0.6086322779984749
    },
    "es_1": {
      "precision": 0.3958107620079607,
      "recall": 0.8620470687372088
    },
    "es_2": {
      "precision": 0.2967778179045791,
      "recall": 0.9011044901889967
    },
    "es_3": {
      "precision": 0.23307852814896154,
      "recall": 0.9145068416195177
    },
    "es_4": {
      "precision": 0.19155732113480572,
      "recall": 0.9223817262549657
    },
    "es_5": {
      "precision": 0.1625101033551736,
      "recall": 0.9269160547329562
    },
    "es_6": {
      "precision": 0.1411997626786292,
      "recall": 0.9309528108823887
    },
    "es_7": {
      "precision": 0.12485692884753198,
      "recall": 0.934564222944505
    },
    "es_8": {
      "precision": 0.11191130639486971,
      "recall": 0.9375737329962686
    },
    "es_9": {
      "precision": 0.10140212769321506,
      "recall": 0.9399211508366442
    }
  },
  "doc_3": {
    "es_0": {
      "precision": 0.28477990449821067,
      "recall": 0.7109937402190918
    },
    "es_1": {
      "precision": 0.3107620079451104,
      "recall": 0.8871002367481234
    },
    "es_2": {
      "precision": 0.24806588820673953,
      "recall": 0.9170488744432403
    },
    "es_3": {
      "precision": 0.20256610890415705,
      "recall": 0.9267796236106096
    },
    "es_4": {
      "precision": 0.17092727303995361,
      "recall": 0.9330293728181056
    },
    "es_5": {
      "precision": 0.1476982980504041,
      "recall": 0.9365003410778062
    },
    "es_6": {
      "precision": 0.13008678853748665,
      "recall": 0.9398148148148153
    },
    "es_7": {
      "precision": 0.11624958678948559,
      "recall": 0.9425835640624379
    },
    "es_8": {
      "precision": 0.10506768053717039,
      "recall": 0.9449911721038486
    },
    "es_9": {
      "precision": 0.09584474819216977,
      "recall": 0.9469172585369773
    }
  },
  "doc_4": {
    "es_0": {
      "precision": 0.2587075157497667,
      "recall": 0.7767816299506434
    },
    "es_1": {
      "precision": 0.2702479836282673,
      "recall": 0.9045754584486972
    },
    "es_2": {
      "precision": 0.22100236748125768,
      "recall": 0.9293477388547806
    },
    "es_3": {
      "precision": 0.18409029676636018,
      "recall": 0.9369317041852254
    },
    "es_4": {
      "precision": 0.1576617826617788,
      "recall": 0.9420579029733962
    },
    "es_5": {
      "precision": 0.1377963412000917,
      "recall": 0.9447062718189482
    },
    "es_6": {
      "precision": 0.12246847657644963,
      "recall": 0.947739857951126
    },
    "es_7": {
      "precision": 0.11021610106117498,
      "recall": 0.9500872757915017
    },
    "es_8": {
      "precision": 0.10017515956483433,
      "recall": 0.9519130452229049
    },
    "es_9": {
      "precision": 0.09182357040790186,
      "recall": 0.953718751253963
    }
  },
  "doc_5": {
    "es_0": {
      "precision": 0.2439248023755177,
      "recall": 0.8124784318446285
    },
    "es_1": {
      "precision": 0.24902090606317165,
      "recall": 0.914009269290959
    },
    "es_2": {
      "precision": 0.2053632335322553,
      "recall": 0.9347287428273343
    },
    "es_3": {
      "precision": 0.17274745338125538,
      "recall": 0.9414499819429399
    },
    "es_4": {
      "precision": 0.1491064621346287,
      "recall": 0.9457636130171346
    },
    "es_5": {
      "precision": 0.13115215509580855,
      "recall": 0.9480508406564749
    },
    "es_6": {
      "precision": 0.1171769067308981,
      "recall": 0.9508436659845118
    },
    "es_7": {
      "precision": 0.10591524629083506,
      "recall": 0.9531108302235071
    },
    "es_8": {
      "precision": 0.0966255184565085,
      "recall": 0.9549365996549102
    },
    "es_9": {
      "precision": 0.08885732995520405,
      "recall": 0.9567423056859683
    }
  },
  "doc_6": {
    "es_0": {
      "precision": 0.2357309096745802,
      "recall": 0.8298934633441672
    },
    "es_1": {
      "precision": 0.23805597115456809,
      "recall": 0.9189248023755063
    },
    "es_2": {
      "precision": 0.19680375701502503,
      "recall": 0.9381194574856547
    },
    "es_3": {
      "precision": 0.16619694424858814,
      "recall": 0.9446601259981544
    },
    "es_4": {
      "precision": 0.1439441492258335,
      "recall": 0.9485524256651022
    },
    "es_5": {
      "precision": 0.12704687939429538,
      "recall": 0.950719272902372
    },
    "es_6": {
      "precision": 0.1138222801368342,
      "recall": 0.9532713374262678
    },
    "es_7": {
      "precision": 0.10313400301663472,
      "recall": 0.9554983748645728
    },
    "es_8": {
      "precision": 0.094289938890882,
      "recall": 0.9573241442959759
    },
    "es_9": {
      "precision": 0.08684988486361031,
      "recall": 0.9587687091208223
    }
  },
  "doc_7": {
    "es_0": {
      "precision": 0.23252936421950285,
      "recall": 0.8475592873480197
    },
    "es_1": {
      "precision": 0.23234005170624775,
      "recall": 0.9210816179126038
    },
    "es_2": {
      "precision": 0.19215263088502701,
      "recall": 0.9393934834075679
    },
    "es_3": {
      "precision": 0.1625142115752421,
      "recall": 0.9458739617190324
    },
    "es_4": {
      "precision": 0.14098722091679602,
      "recall": 0.9496458809839097
    },
    "es_5": {
      "precision": 0.1246441265220592,
      "recall": 0.9518127282211793
    },
    "es_6": {
      "precision": 0.11182076587457634,
      "recall": 0.9542644757433496
    },
    "es_7": {
      "precision": 0.10145212818560874,
      "recall": 0.9564915131816547
    },
    "es_8": {
      "precision": 0.09284680382549848,
      "recall": 0.958116648609607
    },
    "es_9": {
      "precision": 0.08560863834880059,
      "recall": 0.9595612134344534
    }
  },
  "doc_8": {
    "es_0": {
      "precision": 0.230091661077578,
      "recall": 0.8532211789254042
    },
    "es_1": {
      "precision": 0.22923643475286748,
      "recall": 0.9228512098230407
    },