{
  "doc9_es9": {
    "precision": 0.08428409850031807,
    "recall": 0.9602834958468767
  },
  "doc8_es9": {
    "precision": 0.08478394487545458,
    "recall": 0.9599825448417003
  },
  "doc7_es9": {
    "precision": 0.08560863834880059,
    "recall": 0.9595612134344534
  },
  "doc9_es8": {
    "precision": 0.09133179863667915,
    "recall": 0.9588389310220302
  },
  "doc6_es9": {
    "precision": 0.08684988486361031,
    "recall": 0.9587687091208223
  },
  "doc8_es8": {
    "precision": 0.09190062943223244,
    "recall": 0.9585379800168539
  },
  "doc7_es8": {
    "precision": 0.09284680382549848,
    "recall": 0.958116648609607
  },
  "doc6_es8": {
    "precision": 0.094289938890882,
    "recall": 0.9573241442959759
  },
  "doc9_es7": {
    "precision": 0.09969573449169152,
    "recall": 0.9572137955940779
  },
  "doc8_es7": {
    "precision": 0.10035123243862965,
    "recall": 0.9569128445889016
  },
  "doc5_es9": {
    "precision": 0.08885732995520405,
    "recall": 0.9567423056859683
  },
  "doc7_es7": {
    "precision": 0.10145212818560874,
    "recall": 0.9564915131816547
  },
  "doc6_es7": {
    "precision": 0.10313400301663472,
    "recall": 0.9554983748645728
  },
  "doc9_es6": {
    "precision": 0.10977346490166953,
    "recall": 0.9549867581557728
  },
  "doc5_es8": {
    "precision": 0.0966255184565085,
    "recall": 0.9549365996549102
  },
  "doc8_es6": {
    "precision": 0.1105348058038567,
    "recall": 0.9546858071505965
  },
  "doc7_es6": {
    "precision": 0.11182076587457634,
    "recall": 0.9542644757433496
  },
  "doc4_es9": {
    "precision": 0.09182357040790186,
    "recall": 0.953718751253963
  },
  "doc6_es6": {
    "precision": 0.1138222801368342,
    "recall": 0.9532713374262678
  },
  "doc5_es7": {
    "precision": 0.10591524629083506,
    "recall": 0.9531108302235071
  },
  "doc9_es5": {
    "precision": 0.12223400504368281,
    "recall": 0.9527396573171226
  },
  "doc8_es5": {
    "precision": 0.12312982551335655,
    "recall": 0.9524387063119463
  },
  "doc4_es8": {
    "precision": 0.10017515956483433,
    "recall": 0.9519130452229049
  },
  "doc7_es5": {
    "precision": 0.1246441265220592,
    "recall": 0.9518127282211793
  },
  "doc5_es6": {
    "precision": 0.1171769067308981,
    "recall": 0.9508436659845118
  },
  "doc6_es5": {
    "precision": 0.12704687939429538,
    "recall": 0.950719272902372
  },
  "doc9_es4": {
    "precision": 0.13811110942746715,
    "recall": 0.9506330002808882
  },
  "doc8_es4": {
    "precision": 0.13917728506930144,
    "recall": 0.9503320492757118
  },
  "doc4_es7": {
    "precision": 0.11021610106117498,
    "recall": 0.9500872757915017
  },
  "doc7_es4": {
    "precision": 0.14098722091679602,
    "recall": 0.9496458809839097
  },
  "doc6_es4": {
    "precision": 0.1439441492258335,
    "recall": 0.9485524256651022
  },
  "doc5_es5": {
    "precision": 0.13115215509580855,
    "recall": 0.9480508406564749
  },
  "doc4_es6": {
    "precision": 0.12246847657644963,
    "recall": 0.947739857951126
  },
  "doc9_es3": {
    "precision": 0.15909030110907962,
    "recall": 0.9472021588218775
  },
  "doc3_es9": {
    "precision": 0.09584474819216977,
    "recall": 0.9469172585369773
  },
  "doc8_es3": {
    "precision": 0.1603496746689226,
    "recall": 0.9467808274146307
  },
  "doc7_es3": {
    "precision": 0.1625142115752421,
    "recall": 0.9458739617190324
  },
  "doc5_es4": {
    "precision": 0.1491064621346287,
    "recall": 0.9457636130171346
  },
  "doc3_es8": {
    "precision": 0.10506768053717039,
    "recall": 0.9449911721038486
  },
  "doc4_es5": {
    "precision": 0.1377963412000917,
    "recall": 0.9447062718189482
  },
  "doc6_es3": {
    "precision": 0.16619694424858814,
    "recall": 0.9446601259981544
  },
  "doc3_es7": {
    "precision": 0.11624958678948559,
    "recall": 0.9425835640624379
  },
  "doc4_es4": {
    "precision": 0.1576617826617788,
    "recall": 0.9420579029733962
  },
  "doc5_es3": {
    "precision": 0.17274745338125538,
    "recall": 0.9414499819429399
  },
  "doc9_es2": {
    "precision": 0.18802736995225242,
    "recall": 0.9408821877131736
  },
  "doc8_es2": {
    "precision": 0.18951266955961715,
    "recall": 0.9404006661048914
  },
  "doc2_es9": {
    "precision": 0.10140212769321506,
    "recall": 0.9399211508366442
  },
  "doc3_es6": {
    "precision": 0.13008678853748665,
    "recall": 0.9398148148148153
  },
  "doc7_es2": {
    "precision": 0.19215263088502701,
    "recall": 0.9393934834075679
  },
  "doc6_es2": {
    "precision": 0.19680375701502503,
    "recall": 0.9381194574856547
  },
  "doc2_es8": {
    "precision": 0.11191130639486971,
    "recall": 0.9375737329962686
  },
  "doc4_es3": {
    "precision": 0.18409029676636018,
    "recall": 0.9369317041852254
  },
  "doc3_es5": {
    "precision": 0.1476982980504041,
    "recall": 0.9365003410778062
  },
  "doc5_es2": {
    "precision": 0.2053632335322553,
    "recall": 0.9347287428273343
  },
  "doc2_es7": {
    "precision": 0.12485692884753198,
    "recall": 0.934564222944505
  },
  "doc3_es4": {
    "precision": 0.17092727303995361,
    "recall": 0.9330293728181056
  },
  "doc2_es6": {
    "precision": 0.1411997626786292,
    "recall": 0.9309528108823887
  },
  "doc4_es2": {
    "precision": 0.22100236748125768,
    "recall": 0.9293477388547806
  },
  "doc1_es9": {
    "precision": 0.10794644409667745,
    "recall": 0.9284448858392524
  },
  "doc2_es5": {
    "precision": 0.1625101033551736,
    "recall": 0.9269160547329562
  },
  "doc3_es3": {
    "precision": 0.20256610890415705,
    "recall": 0.9267796236106096
  },
  "doc1_es8": {
    "precision": 0.12016137661676685,
    "recall": 0.9257363267926652
  },
  "doc9_es1": {
    "precision": 0.22752335475340063,
    "recall": 0.9236376951165685
  },
  "doc8_es1": {
    "precision": 0.22923643475286748,
    "recall": 0.9228512098230407
  },
  "doc2_es4": {
    "precision": 0.19155732113480572,
    "recall": 0.9223817262549657
  },
  "doc1_es7": {
    "precision": 0.13549029218042774,
    "recall": 0.9217637735243372
  },
  "doc7_es1": {
    "precision": 0.23234005170624775,
    "recall": 0.9210816179126038
  },
  "doc6_es1": {
    "precision": 0.23805597115456809,
    "recall": 0.9189248023755063
  },
  "doc1_es6": {
    "precision": 0.15545122587375623,
    "recall": 0.917731030054974
  },
  "doc3_es2": {
    "precision": 0.24806588820673953,
    "recall": 0.9170488744432403
  },
  "doc2_es3": {
    "precision": 0.23307852814896154,
    "recall": 0.9145068416195177
  },
  "doc5_es1": {
    "precision": 0.24902090606317165,
    "recall": 0.914009269290959
  },
  "doc1_es5": {
    "precision": 0.18221981461419848,
    "recall": 0.912008948276554
  },
  "doc1_es4": {
    "precision": 0.22080775249790868,
    "recall": 0.9056087235664703
  },
  "doc4_es1": {
    "precision": 0.2702479836282673,
    "recall": 0.9045754584486972
  },
  "doc2_es2": {
    "precision": 0.2967778179045791,
    "recall": 0.9011044901889967
  },
  "doc1_es3": {
    "precision": 0.28015529071866807,
    "recall": 0.8952509931383169
  },
  "doc3_es1": {
    "precision": 0.3107620079451104,
    "recall": 0.8871002367481234
  },
  "doc1_es2": {
    "precision": 0.38441475061194824,
    "recall": 0.8781971028449896
  },
  "doc0_es9": {
    "precision": 0.10667041183471535,
    "recall": 0.8743900726295096
  },
  "doc0_es8": {
    "precision": 0.11907126519802576,
    "recall": 0.8684312427270177
  },
  "doc2_es1": {
    "precision": 0.3958107620079607,
    "recall": 0.8620470687372088
  },
  "doc0_es7": {
    "precision": 0.13491203632047719,
    "recall": 0.8620109546165888
  },
  "doc9_es0": {
    "precision": 0.22875075715451176,
    "recall": 0.8563550820593073
  },
  "doc0_es6": {
    "precision": 0.15567192327755985,
    "recall": 0.854306608884074
  },
  "doc8_es0": {
    "precision": 0.230091661077578,
    "recall": 0.8532211789254042
  },
  "doc7_es0": {
    "precision": 0.23252936421950285,
    "recall": 0.8475592873480197
  },