{
  "doc9_es2": {
    "precision": 0.18802736995225242,
    "recall": 0.9408821877131736
  },
  "doc8_es2": {
    "precision": 0.18951266955961715,
    "recall": 0.9404006661048914
  },
  "doc7_es2": {
    "precision": 0.19215263088502701,
    "recall": 0.9393934834075679
  },
  "doc6_es2": {
    "precision": 0.19680375701502503,
    "recall": 0.9381194574856547
  },
  "doc4_es3": {
    "precision": 0.18409029676636018,
    "recall": 0.9369317041852254
  },
  "doc5_es2": {
    "precision": 0.2053632335322553,
    "recall": 0.9347287428273343
  },
  "doc4_es2": {
    "precision": 0.22100236748125768,
    "recall": 0.9293477388547806
  },
  "doc3_es3": {
    "precision": 0.20256610890415705,
    "recall": 0.9267796236106096
  },
  "doc9_es1": {
    "precision": 0.22752335475340063,
    "recall": 0.9236376951165685
  },
  "doc8_es1": {
    "precision": 0.22923643475286748,
    "recall": 0.9228512098230407
  },
  "doc2_es4": {
    "precision": 0.19155732113480572,
    "recall": 0.9223817262549657
  },
  "doc7_es1": {
    "precision": 0.23234005170624775,
    "recall": 0.9210816179126038
  },
  "doc6_es1": {
    "precision": 0.23805597115456809,
    "recall": 0.9189248023755063
  },
  "doc3_es2": {
    "precision": 0.24806588820673953,
    "recall": 0.9170488744432403
  },
  "doc2_es3": {
    "precision": 0.23307852814896154,
    "recall": 0.9145068416195177
  },
  "doc5_es1": {
    "precision": 0.24902090606317165,
    "recall": 0.914009269290959
  },
  "doc1_es5": {
    "precision": 0.18221981461419848,
    "recall": 0.912008948276554
  }
}